"id","idclasses","name"
"97","1596","BRAIN_CLASS"
"98","1598","DATA_CLASS"
"99","1599","DATA_CLASS"
"100","1639","DATA_CLASS"
"101","1642","DATA_CLASS"
"102","1643","DATA_CLASS"
"103","1646","DATA_CLASS"
"104","1647","DATA_CLASS"
"105","1653","DATA_CLASS"
"106","1683","DATA_CLASS"
"107","1791","BRAIN_CLASS"
"108","1791","GOD_CLASS"
"109","1846","GOD_CLASS"
"110","1891","GOD_CLASS"
"111","1894","GOD_CLASS"
"112","1921","DATA_CLASS"
"113","1951","DATA_CLASS"
"114","1955","BRAIN_CLASS"
"115","2034","DATA_CLASS"
"116","2038","DATA_CLASS"
"117","2053","DATA_CLASS"
"118","2093","GOD_CLASS"
"119","2094","GOD_CLASS"
"120","2105","DATA_CLASS"
"121","2106","DATA_CLASS"
"122","2112","DATA_CLASS"
"123","2114","DATA_CLASS"
"124","2115","DATA_CLASS"
"125","2118","DATA_CLASS"
"126","2121","DATA_CLASS"
"127","2122","DATA_CLASS"
"128","2124","DATA_CLASS"
"129","2159","BRAIN_CLASS"
"131","2301","DATA_CLASS"
"132","2331","DATA_CLASS"
"133","2341","DATA_CLASS"
"134","2396","GOD_CLASS"
"135","2450","DATA_CLASS"
"136","2454","BRAIN_CLASS"
"137","2454","GOD_CLASS"
"138","2460","GOD_CLASS"
"139","2500","GOD_CLASS"
"140","2536","DATA_CLASS"
"141","2537","DATA_CLASS"
"142","2554","DATA_CLASS"
"143","2555","BRAIN_CLASS"
"144","2555","GOD_CLASS"
"145","2558","BRAIN_CLASS"
"146","2558","GOD_CLASS"
"147","2561","BRAIN_CLASS"
"148","2561","GOD_CLASS"
"149","2563","BRAIN_CLASS"
"150","2563","GOD_CLASS"
"151","2579","BRAIN_CLASS"
"152","2608","DATA_CLASS"
"153","2623","GOD_CLASS"
"154","2627","DATA_CLASS"
"155","2630","DATA_CLASS"
"156","2631","BRAIN_CLASS"
"157","2640","GOD_CLASS"
"158","2668","BRAIN_CLASS"
"159","2675","DATA_CLASS"
"160","2684","GOD_CLASS"
"161","2685","DATA_CLASS"
"162","2711","DATA_CLASS"
"163","2712","DATA_CLASS"
"164","2715","DATA_CLASS"
"165","2728","GOD_CLASS"
"166","2732","GOD_CLASS"
"167","2779","DATA_CLASS"
"168","2836","GOD_CLASS"
"169","2914","BRAIN_CLASS"
"170","3002","GOD_CLASS"
"171","3007","BRAIN_CLASS"
"172","3099","BRAIN_CLASS"
"173","3111","BRAIN_CLASS"
"174","3139","DATA_CLASS"
"175","3218","GOD_CLASS"
"176","3242","DATA_CLASS"
"177","3255","DATA_CLASS"
"178","3280","GOD_CLASS"
"179","3284","DATA_CLASS"
"180","3362","GOD_CLASS"
"181","3367","GOD_CLASS"
"182","3380","GOD_CLASS"
"183","3380","BRAIN_CLASS"
"184","3385","GOD_CLASS"
"185","3403","DATA_CLASS"
"186","3419","GOD_CLASS"
"187","3447","DATA_CLASS"
"188","3482","DATA_CLASS"
"189","3511","DATA_CLASS"
"190","3515","DATA_CLASS"
"191","3516","DATA_CLASS"
"192","3517","DATA_CLASS"
"193","3530","DATA_CLASS"
"194","3649","GOD_CLASS"
"195","3701","GOD_CLASS"
"196","3749","DATA_CLASS"
"197","3818","GOD_CLASS"
"198","3843","GOD_CLASS"
"199","3863","GOD_CLASS"
"200","3865","GOD_CLASS"
"201","3895","GOD_CLASS"
"202","3934","GOD_CLASS"
"203","3959","DATA_CLASS"
"204","3964","GOD_CLASS"
"205","3972","GOD_CLASS"
"206","3981","GOD_CLASS"
"207","4038","GOD_CLASS"
"208","4057","GOD_CLASS"
"209","4065","GOD_CLASS"
"210","4090","GOD_CLASS"
"211","4215","DATA_CLASS"
"212","4219","DATA_CLASS"
"213","4224","DATA_CLASS"
"214","4225","DATA_CLASS"
"215","4247","BRAIN_CLASS"
"216","4261","DATA_CLASS"
"217","4262","GOD_CLASS"
"218","4236","DATA_CLASS"
"219","4269","DATA_CLASS"
"220","4271","DATA_CLASS"
"221","4280","DATA_CLASS"
"222","4289","DATA_CLASS"
"223","4291","DATA_CLASS"
"224","4294","DATA_CLASS"
"225","4297","DATA_CLASS"
"226","4298","DATA_CLASS"
"227","4307","DATA_CLASS"
"228","4321","DATA_CLASS"
"229","4324","DATA_CLASS"
"230","4325","DATA_CLASS"
"231","4335","DATA_CLASS"
"232","4336","DATA_CLASS"
"233","4340","DATA_CLASS"
"234","4344","DATA_CLASS"
"235","4345","DATA_CLASS"
"236","4440","GOD_CLASS"
"237","4446","DATA_CLASS"
"238","4586","BRAIN_CLASS"
"239","4597","DATA_CLASS"
"240","4601","DATA_CLASS"
"241","4603","DATA_CLASS"
"242","4612","DATA_CLASS"
"243","4626","DATA_CLASS"
"244","4729","BRAIN_CLASS"
"245","4729","GOD_CLASS"
"246","4737","DATA_CLASS"
"247","4746","BRAIN_CLASS"
"248","4746","GOD_CLASS"
"249","4764","GOD_CLASS"
"250","4774","BRAIN_CLASS"
"251","4774","GOD_CLASS"
"252","4797","GOD_CLASS"
"253","4802","GOD_CLASS"
"254","4846","BRAIN_CLASS"
"255","4851","DATA_CLASS"
"256","4868","DATA_CLASS"
"257","4880","DATA_CLASS"
"258","5119","DATA_CLASS"
"259","5160","DATA_CLASS"
"260","5363","DATA_CLASS"
"261","5450","DATA_CLASS"
"262","5579","GOD_CLASS"
"263","5784","GOD_CLASS"
"264","5908","DATA_CLASS"
"265","5995","BRAIN_CLASS"
"266","6023","DATA_CLASS"
"267","6033","DATA_CLASS"
"268","6063","DATA_CLASS"
"269","6159","GOD_CLASS"
"270","6161","GOD_CLASS"
"271","6171","GOD_CLASS"
"272","6171","BRAIN_CLASS"
"273","6250","GOD_CLASS"
"274","6269","GOD_CLASS"
"275","6323","GOD_CLASS"
"276","6324","DATA_CLASS"
"277","6362","GOD_CLASS"
"278","6426","BRAIN_CLASS"
"279","6426","GOD_CLASS"
"280","6438","DATA_CLASS"
"281","6439","DATA_CLASS"
"282","6497","GOD_CLASS"
"283","6511","GOD_CLASS"
"284","6515","BRAIN_CLASS"
"285","6518","DATA_CLASS"
"286","6572","BRAIN_CLASS"
"287","6572","GOD_CLASS"
"288","6580","GOD_CLASS"
"289","6610","GOD_CLASS"
"290","6613","GOD_CLASS"
"291","6615","BRAIN_CLASS"
"292","6615","GOD_CLASS"
"293","6620","DATA_CLASS"
"294","6641","BRAIN_CLASS"
"295","6689","BRAIN_CLASS"
"296","6706","DATA_CLASS"
"297","6709","BRAIN_CLASS"
"298","6717","DATA_CLASS"
"299","6821","BRAIN_CLASS"
"300","6874","DATA_CLASS"
"301","6879","DATA_CLASS"
"302","6880","DATA_CLASS"
"303","6882","DATA_CLASS"
"304","6883","DATA_CLASS"
"305","6940","DATA_CLASS"
"306","6948","DATA_CLASS"
"307","6965","DATA_CLASS"
"308","7034","DATA_CLASS"
"309","7037","GOD_CLASS"
"310","7039","DATA_CLASS"
"311","7112","DATA_CLASS"
"312","7115","DATA_CLASS"
"313","7116","DATA_CLASS"
"314","7117","DATA_CLASS"
"315","7120","DATA_CLASS"
"316","7122","DATA_CLASS"
"317","7124","DATA_CLASS"
"318","7126","DATA_CLASS"
"319","7127","DATA_CLASS"
"320","7190","BRAIN_CLASS"
"321","7201","DATA_CLASS"
"322","7211","GOD_CLASS"
"323","7267","DATA_CLASS"
"324","7294","GOD_CLASS"
"325","7307","DATA_CLASS"
"326","7313","GOD_CLASS"
"327","7401","BRAIN_CLASS"
"328","7403","BRAIN_CLASS"
"329","7416","GOD_CLASS"
"330","7427","DATA_CLASS"
"331","7443","DATA_CLASS"
"332","7473","DATA_CLASS"
"333","7562","BRAIN_CLASS"
"334","7576","GOD_CLASS"
"335","7597","DATA_CLASS"
"336","7602","GOD_CLASS"
"337","7607","GOD_CLASS"
"338","7642","GOD_CLASS"
"339","7673","BRAIN_CLASS"
"340","7736","BRAIN_CLASS"
"341","7739","BRAIN_CLASS"
"342","7751","BRAIN_CLASS"
"343","7751","GOD_CLASS"
"344","7762","BRAIN_CLASS"
"345","7767","DATA_CLASS"
"346","7774","DATA_CLASS"
"347","7776","GOD_CLASS"
"348","7803","GOD_CLASS"
"349","7860","GOD_CLASS"
"350","7879","GOD_CLASS"
"351","7884","GOD_CLASS"
"352","7885","GOD_CLASS"
"353","7891","GOD_CLASS"
"354","7892","DATA_CLASS"
"355","7896","GOD_CLASS"
"356","7896","BRAIN_CLASS"
"357","7900","GOD_CLASS"
"358","7900","BRAIN_CLASS"
"359","7963","BRAIN_CLASS"
"360","7967","DATA_CLASS"
"361","7982","DATA_CLASS"
"362","7989","BRAIN_CLASS"
"363","7995","DATA_CLASS"
"364","8046","DATA_CLASS"
"365","8057","BRAIN_CLASS"
"366","8088","DATA_CLASS"
"367","8095","DATA_CLASS"
"368","8112","BRAIN_CLASS"
"369","8133","BRAIN_CLASS"
"370","8134","DATA_CLASS"
"371","8161","DATA_CLASS"
"372","8169","DATA_CLASS"
"373","8184","GOD_CLASS"
"374","8202","DATA_CLASS"
"375","8230","DATA_CLASS"
"376","8247","DATA_CLASS"
"377","8249","BRAIN_CLASS"
"378","8257","DATA_CLASS"
"379","8265","DATA_CLASS"
"380","8266","DATA_CLASS"
"381","8267","DATA_CLASS"
"382","8270","DATA_CLASS"
"383","8274","DATA_CLASS"
"384","8275","DATA_CLASS"
"385","8277","DATA_CLASS"
"386","8284","DATA_CLASS"
"387","8286","DATA_CLASS"
"388","8287","DATA_CLASS"
"389","8299","BRAIN_CLASS"
"390","8304","DATA_CLASS"
"391","8329","DATA_CLASS"
"392","8341","DATA_CLASS"
"393","8350","DATA_CLASS"
"394","8353","DATA_CLASS"
"395","8359","DATA_CLASS"
"396","8373","DATA_CLASS"
"397","8378","BRAIN_CLASS"
"398","8404","BRAIN_CLASS"
"399","8409","GOD_CLASS"
"400","8410","DATA_CLASS"
"401","8417","GOD_CLASS"
"402","8443","DATA_CLASS"
"403","8454","DATA_CLASS"
"404","8472","DATA_CLASS"
"405","8521","DATA_CLASS"
"406","8536","BRAIN_CLASS"
"407","8541","DATA_CLASS"
"408","8542","BRAIN_CLASS"
"409","8562","DATA_CLASS"
"410","8592","DATA_CLASS"
"411","8600","DATA_CLASS"
"412","8608","BRAIN_CLASS"
"413","8625","DATA_CLASS"
"414","8648","DATA_CLASS"
"415","8652","DATA_CLASS"
"416","8666","DATA_CLASS"
"417","8676","DATA_CLASS"
"418","8704","DATA_CLASS"
"419","8722","DATA_CLASS"
"420","8725","GOD_CLASS"
"421","8729","DATA_CLASS"
"422","8738","DATA_CLASS"
"423","8744","DATA_CLASS"
"424","8785","DATA_CLASS"
"425","8804","DATA_CLASS"
"426","8805","DATA_CLASS"
"427","8808","DATA_CLASS"
"428","8814","BRAIN_CLASS"
"429","8839","DATA_CLASS"
"430","8860","DATA_CLASS"
"431","8880","DATA_CLASS"
"432","8889","DATA_CLASS"
"433","8896","DATA_CLASS"
"434","8900","DATA_CLASS"
"435","8922","DATA_CLASS"
"436","8925","DATA_CLASS"
"437","8945","GOD_CLASS"
"438","8948","DATA_CLASS"
"439","8956","DATA_CLASS"
"440","8959","DATA_CLASS"
"441","8963","DATA_CLASS"
"442","8971","DATA_CLASS"
"443","8973","DATA_CLASS"
"444","8990","DATA_CLASS"
"445","9021","GOD_CLASS"
"446","9049","DATA_CLASS"
"447","9051","GOD_CLASS"
"448","9061","BRAIN_CLASS"
"449","9106","GOD_CLASS"
"450","9189","GOD_CLASS"
"451","9281","DATA_CLASS"
"452","9283","BRAIN_CLASS"
"453","9342","DATA_CLASS"
"454","9434","DATA_CLASS"
"455","9474","DATA_CLASS"
"456","9553","GOD_CLASS"
"457","9613","DATA_CLASS"
"458","9632","DATA_CLASS"
"459","9635","GOD_CLASS"
"460","9675","GOD_CLASS"
"461","9727","GOD_CLASS"
"462","9807","GOD_CLASS"
"463","9860","BRAIN_CLASS"
"464","9901","GOD_CLASS"
"465","9976","GOD_CLASS"
"466","9978","GOD_CLASS"
"467","9984","GOD_CLASS"
"468","10015","GOD_CLASS"
"469","10039","BRAIN_CLASS"
"470","10105","GOD_CLASS"
"471","10161","GOD_CLASS"
"472","10166","DATA_CLASS"
"473","10232","GOD_CLASS"
"474","10261","DATA_CLASS"
"475","10267","GOD_CLASS"
"476","10285","GOD_CLASS"
"477","10288","GOD_CLASS"
"478","10309","GOD_CLASS"
"479","10475","GOD_CLASS"
"480","10478","BRAIN_CLASS"
"481","10531","GOD_CLASS"
"482","10548","BRAIN_CLASS"
"483","10805","DATA_CLASS"
"484","10827","BRAIN_CLASS"
"485","10839","GOD_CLASS"
"486","11063","BRAIN_CLASS"
"487","11078","DATA_CLASS"
"488","11156","BRAIN_CLASS"
"489","11156","GOD_CLASS"
"490","11196","BRAIN_CLASS"
"491","11196","GOD_CLASS"
"492","11257","DATA_CLASS"
"493","11265","BRAIN_CLASS"
"494","11331","DATA_CLASS"
"495","11352","DATA_CLASS"
"496","11395","DATA_CLASS"
"497","11398","GOD_CLASS"
"498","11399","DATA_CLASS"
"499","11423","DATA_CLASS"
"500","11467","GOD_CLASS"
"501","11472","BRAIN_CLASS"
"502","11487","GOD_CLASS"
"503","11487","BRAIN_CLASS"
"504","11492","DATA_CLASS"
"505","11493","DATA_CLASS"
"506","11505","BRAIN_CLASS"
"507","11505","GOD_CLASS"
"508","11542","BRAIN_CLASS"
"509","11584","BRAIN_CLASS"
"510","11596","GOD_CLASS"
"511","11601","GOD_CLASS"
"512","11636","BRAIN_CLASS"
"513","11647","DATA_CLASS"
"514","11660","DATA_CLASS"
"515","11718","BRAIN_CLASS"
"516","11727","GOD_CLASS"
"517","11744","GOD_CLASS"
"518","11756","BRAIN_CLASS"
"519","11762","GOD_CLASS"
"520","11762","BRAIN_CLASS"
"521","11763","GOD_CLASS"
"522","11763","BRAIN_CLASS"
"523","11767","BRAIN_CLASS"
"524","11808","GOD_CLASS"
"525","11838","DATA_CLASS"
"526","11885","GOD_CLASS"
"527","11885","BRAIN_CLASS"
"528","11894","GOD_CLASS"
"529","11921","DATA_CLASS"
"530","11958","DATA_CLASS"
"531","11995","BRAIN_CLASS"
"532","12040","BRAIN_CLASS"
"533","12073","BRAIN_CLASS"
"534","12084","GOD_CLASS"
"535","12193","DATA_CLASS"
"536","12241","GOD_CLASS"
"537","12307","GOD_CLASS"
"538","12325","GOD_CLASS"
"539","12347","DATA_CLASS"
"540","12360","BRAIN_CLASS"
"541","12403","GOD_CLASS"
"542","12405","GOD_CLASS"
"543","12405","BRAIN_CLASS"
"544","12487","DATA_CLASS"
"545","12494","GOD_CLASS"
"546","12494","BRAIN_CLASS"
"547","12501","DATA_CLASS"
"548","12632","GOD_CLASS"
"549","12672","GOD_CLASS"
"550","12710","BRAIN_CLASS"
"551","12769","DATA_CLASS"
"552","12778","DATA_CLASS"
"553","12781","DATA_CLASS"
"554","12828","GOD_CLASS"
"555","12849","GOD_CLASS"
"556","12861","BRAIN_CLASS"
"557","12866","GOD_CLASS"
"558","12883","DATA_CLASS"
"559","12885","DATA_CLASS"
"560","12894","DATA_CLASS"
"561","12945","GOD_CLASS"
"562","12957","DATA_CLASS"
"563","13006","GOD_CLASS"
"564","13010","GOD_CLASS"
"565","13029","GOD_CLASS"
"566","13031","GOD_CLASS"
"567","13032","DATA_CLASS"
"568","13035","DATA_CLASS"
"569","13115","GOD_CLASS"
"570","13126","DATA_CLASS"
"571","13212","GOD_CLASS"
"572","13233","DATA_CLASS"
"573","13241","GOD_CLASS"
"574","13241","BRAIN_CLASS"
"575","13285","BRAIN_CLASS"
"576","13356","DATA_CLASS"
"577","13374","BRAIN_CLASS"
"578","13441","GOD_CLASS"
"579","13441","BRAIN_CLASS"
"580","13446","GOD_CLASS"
"581","13452","GOD_CLASS"
"582","13471","DATA_CLASS"
"583","13490","GOD_CLASS"
"584","13518","GOD_CLASS"
"585","13522","GOD_CLASS"
"586","13522","BRAIN_CLASS"
"587","13534","GOD_CLASS"
"588","13537","DATA_CLASS"
"589","13542","GOD_CLASS"
"590","13542","BRAIN_CLASS"
"591","13592","DATA_CLASS"
"592","13606","DATA_CLASS"
"593","13686","GOD_CLASS"
"594","13701","DATA_CLASS"
"595","13718","GOD_CLASS"
"596","13724","GOD_CLASS"
"597","13724","BRAIN_CLASS"
"598","13788","BRAIN_CLASS"
"599","13853","GOD_CLASS"
"600","13862","GOD_CLASS"
"601","13864","GOD_CLASS"
"602","13864","BRAIN_CLASS"
"603","13869","GOD_CLASS"
"604","13871","GOD_CLASS"
"605","13889","DATA_CLASS"
"606","13921","GOD_CLASS"
"607","13921","BRAIN_CLASS"
"608","13931","GOD_CLASS"
"609","13998","BRAIN_CLASS"
"610","14040","GOD_CLASS"
"611","14090","GOD_CLASS"
"612","14116","GOD_CLASS"
"613","14162","DATA_CLASS"
"614","14170","DATA_CLASS"
"615","14185","GOD_CLASS"
"616","14228","GOD_CLASS"
"617","14230","GOD_CLASS"
"618","14246","GOD_CLASS"
"619","14294","GOD_CLASS"
"620","14296","DATA_CLASS"
"621","14326","DATA_CLASS"
"622","14359","GOD_CLASS"
"623","14364","GOD_CLASS"
"624","14364","BRAIN_CLASS"
"625","14456","GOD_CLASS"
"626","14462","BRAIN_CLASS"
"627","14471","GOD_CLASS"
"628","14578","DATA_CLASS"
"629","14653","GOD_CLASS"
"630","14704","GOD_CLASS"
"631","14836","GOD_CLASS"
"632","14848","GOD_CLASS"
"633","14868","DATA_CLASS"
"634","14907","GOD_CLASS"
"635","14956","DATA_CLASS"
"636","14958","GOD_CLASS"
"637","15001","GOD_CLASS"
"638","15024","GOD_CLASS"
"639","15024","BRAIN_CLASS"
"640","15031","DATA_CLASS"
"641","15081","GOD_CLASS"
"642","15188","DATA_CLASS"
"643","15250","DATA_CLASS"
"644","15329","GOD_CLASS"
"645","15361","DATA_CLASS"
"646","15415","DATA_CLASS"
"647","15435","BRAIN_CLASS"
"648","15495","BRAIN_CLASS"
"649","15539","BRAIN_CLASS"
"650","15554","GOD_CLASS"
"651","15566","GOD_CLASS"
"652","15616","GOD_CLASS"
"653","15693","DATA_CLASS"
"654","15749","DATA_CLASS"
"655","15794","DATA_CLASS"
"656","15832","GOD_CLASS"
"657","15851","GOD_CLASS"
"658","15311","GOD_CLASS"
"659","15861","DATA_CLASS"
"660","15918","GOD_CLASS"
"661","15943","DATA_CLASS"
"662","15982","GOD_CLASS"
"663","16012","GOD_CLASS"
"664","16022","BRAIN_CLASS"
"665","16036","GOD_CLASS"
"666","16037","GOD_CLASS"
"667","16064","DATA_CLASS"
"668","16102","DATA_CLASS"
"669","16103","GOD_CLASS"
"670","16104","DATA_CLASS"
"671","16107","DATA_CLASS"
"672","16109","DATA_CLASS"
"673","16139","DATA_CLASS"
"674","16141","DATA_CLASS"
"675","16143","DATA_CLASS"
"676","16145","DATA_CLASS"
"677","16148","DATA_CLASS"
"678","16150","DATA_CLASS"
"679","16154","DATA_CLASS"
"680","16155","DATA_CLASS"
"681","16158","DATA_CLASS"
"682","16163","DATA_CLASS"
"683","16164","DATA_CLASS"
"684","16165","DATA_CLASS"
"685","16168","DATA_CLASS"
"686","16170","DATA_CLASS"
"687","16171","DATA_CLASS"
"688","16173","DATA_CLASS"
"689","16174","DATA_CLASS"
"690","16176","DATA_CLASS"
"691","16181","DATA_CLASS"
"692","16183","DATA_CLASS"
"693","16185","DATA_CLASS"
"694","16189","DATA_CLASS"
"695","16224","DATA_CLASS"
"696","16228","DATA_CLASS"
"697","16230","DATA_CLASS"
"698","16231","DATA_CLASS"
"699","16234","DATA_CLASS"
"700","16236","DATA_CLASS"
"701","16239","DATA_CLASS"
"702","16241","DATA_CLASS"
"703","16242","DATA_CLASS"
"704","16244","DATA_CLASS"
"705","16246","DATA_CLASS"
"706","16270","DATA_CLASS"
"707","16272","DATA_CLASS"
"708","16274","DATA_CLASS"
"709","16277","DATA_CLASS"
"710","16279","DATA_CLASS"
"711","16280","DATA_CLASS"
"712","16284","DATA_CLASS"
"713","16287","GOD_CLASS"
"714","16384","DATA_CLASS"
"715","16489","DATA_CLASS"
"716","16500","GOD_CLASS"
"717","16594","DATA_CLASS"
"718","16607","BRAIN_CLASS"
"720","16671","DATA_CLASS"
"721","16695","DATA_CLASS"
"722","16720","DATA_CLASS"
"723","16727","DATA_CLASS"
"724","16728","GOD_CLASS"
"725","16750","GOD_CLASS"
"726","16753","DATA_CLASS"
"729","16769","DATA_CLASS"
"730","16781","DATA_CLASS"
"731","16798","DATA_CLASS"
"732","16799","DATA_CLASS"
"734","16869","GOD_CLASS"
"735","16920","DATA_CLASS"
"737","16992","DATA_CLASS"
"738","16996","DATA_CLASS"
"739","17085","DATA_CLASS"
"740","17181","DATA_CLASS"
"745","17397","GOD_CLASS"
"747","17425","DATA_CLASS"
"753","17687","GOD_CLASS"
"757","17928","GOD_CLASS"
"758","17970","DATA_CLASS"
"803","19458","DATA_CLASS"
"804","19461","BRAIN_CLASS"
"805","19501","BRAIN_CLASS"
"806","19579","BRAIN_CLASS"
"809","19626","BRAIN_CLASS"
"810","19628","DATA_CLASS"
"811","19665","BRAIN_CLASS"
"812","19674","BRAIN_CLASS"
"813","19720","BRAIN_CLASS"
"815","19793","BRAIN_CLASS"
"818","19828","DATA_CLASS"
"822","19984","BRAIN_CLASS"
"823","20010","BRAIN_CLASS"
"825","20076","GOD_CLASS"
"827","20158","GOD_CLASS"
"828","20158","BRAIN_CLASS"
"831","20197","BRAIN_CLASS"
"834","20379","GOD_CLASS"
"841","20698","BRAIN_CLASS"
"842","20754","GOD_CLASS"
"845","20769","DATA_CLASS"
"846","20790","BRAIN_CLASS"
"848","20855","BRAIN_CLASS"
"882","21843","BRAIN_CLASS"
"883","21915","BRAIN_CLASS"
"884","21920","GOD_CLASS"
"885","21920","BRAIN_CLASS"
"886","21995","DATA_CLASS"
"887","22012","GOD_CLASS"
"888","22012","BRAIN_CLASS"
"889","22028","GOD_CLASS"
"890","22049","DATA_CLASS"
"891","22079","GOD_CLASS"
"892","22159","BRAIN_CLASS"
"893","22280","GOD_CLASS"
"894","22308","GOD_CLASS"
"895","22364","BRAIN_CLASS"
"896","22377","GOD_CLASS"
"897","22387","GOD_CLASS"
"898","22390","GOD_CLASS"
"899","22446","GOD_CLASS"
"900","22453","BRAIN_CLASS"
"901","22467","GOD_CLASS"
"902","22468","BRAIN_CLASS"
"903","22485","GOD_CLASS"
"904","22488","GOD_CLASS"
"905","22490","BRAIN_CLASS"
"906","22560","GOD_CLASS"
"907","22576","DATA_CLASS"
"908","22664","DATA_CLASS"
"909","22671","DATA_CLASS"
"910","22674","GOD_CLASS"
"911","22808","GOD_CLASS"
"912","22825","DATA_CLASS"
"913","22845","GOD_CLASS"
"914","22892","GOD_CLASS"
"915","22897","BRAIN_CLASS"
"916","22911","GOD_CLASS"
"917","22934","DATA_CLASS"
"918","22951","GOD_CLASS"
"919","22974","DATA_CLASS"
"920","22989","GOD_CLASS"
"921","23005","GOD_CLASS"
"922","23005","BRAIN_CLASS"
"923","23007","GOD_CLASS"
"924","23037","GOD_CLASS"
"925","23067","DATA_CLASS"
"926","23140","GOD_CLASS"
"927","23159","GOD_CLASS"
"928","23165","GOD_CLASS"
"929","23192","GOD_CLASS"
"930","23204","DATA_CLASS"
"931","23205","GOD_CLASS"
"932","23228","GOD_CLASS"
"933","23281","GOD_CLASS"
"934","23310","GOD_CLASS"
"935","23319","GOD_CLASS"
"936","23319","BRAIN_CLASS"
"937","23371","GOD_CLASS"
"938","23427","GOD_CLASS"
"939","23440","GOD_CLASS"
"940","23441","GOD_CLASS"
"941","23466","GOD_CLASS"
"942","23516","GOD_CLASS"
"943","23554","DATA_CLASS"
"944","23555","GOD_CLASS"
"945","23712","GOD_CLASS"
"946","23748","DATA_CLASS"
"947","23793","DATA_CLASS"
"948","23822","DATA_CLASS"
"949","23833","GOD_CLASS"
"950","23844","GOD_CLASS"
"951","23866","GOD_CLASS"
"952","23905","GOD_CLASS"
"953","23966","BRAIN_CLASS"
"954","24004","GOD_CLASS"
"955","24009","BRAIN_CLASS"
"956","24012","GOD_CLASS"
"957","24012","BRAIN_CLASS"
"958","24074","GOD_CLASS"
"959","24110","BRAIN_CLASS"
"960","24216","BRAIN_CLASS"
"961","24252","DATA_CLASS"
"962","24326","GOD_CLASS"
"963","24329","BRAIN_CLASS"
"964","24362","DATA_CLASS"
"965","24419","GOD_CLASS"
"966","24429","BRAIN_CLASS"
"967","24429","GOD_CLASS"
"968","24446","GOD_CLASS"
"969","24486","GOD_CLASS"
"970","24499","GOD_CLASS"
"971","24517","DATA_CLASS"
"972","24552","GOD_CLASS"
"973","24555","DATA_CLASS"
"974","24561","DATA_CLASS"
"975","24688","DATA_CLASS"
"976","24701","BRAIN_CLASS"
"977","24746","DATA_CLASS"
"978","24829","GOD_CLASS"
"979","24859","DATA_CLASS"
"980","24863","DATA_CLASS"
"981","24876","DATA_CLASS"
"982","25007","GOD_CLASS"
"983","25029","GOD_CLASS"
"984","25051","GOD_CLASS"
"985","25066","BRAIN_CLASS"
"986","25066","GOD_CLASS"
"987","25080","GOD_CLASS"
"988","25088","GOD_CLASS"
"989","25104","BRAIN_CLASS"
"990","25112","GOD_CLASS"
"991","25123","GOD_CLASS"
"992","25126","DATA_CLASS"
"993","25127","GOD_CLASS"
"994","25144","BRAIN_CLASS"
"995","25168","GOD_CLASS"
"996","25230","BRAIN_CLASS"
"997","25377","GOD_CLASS"
"998","25439","GOD_CLASS"
"999","25445","GOD_CLASS"
"1000","25448","GOD_CLASS"
"1001","25451","BRAIN_CLASS"
"1002","25467","GOD_CLASS"
"1003","25502","BRAIN_CLASS"
"1004","25510","GOD_CLASS"
"1005","25510","BRAIN_CLASS"
"1006","25513","BRAIN_CLASS"
"1007","25553","BRAIN_CLASS"
"1008","25602","BRAIN_CLASS"
"1009","25608","GOD_CLASS"
"1010","25618","GOD_CLASS"
"1011","25637","BRAIN_CLASS"
"1012","25649","BRAIN_CLASS"
"1013","25655","DATA_CLASS"
"1014","25683","GOD_CLASS"
"1015","25725","GOD_CLASS"
"1016","25733","BRAIN_CLASS"
"1017","25868","BRAIN_CLASS"
"1018","25903","DATA_CLASS"
"1019","25977","DATA_CLASS"
"1020","26092","BRAIN_CLASS"
"1021","26133","BRAIN_CLASS"
"1022","26191","GOD_CLASS"
"1023","26206","DATA_CLASS"
"1024","26211","DATA_CLASS"
"1025","26285","DATA_CLASS"
"1026","26300","BRAIN_CLASS"
"1027","26304","DATA_CLASS"
"1028","26312","DATA_CLASS"
"1029","26313","DATA_CLASS"
"1030","26319","DATA_CLASS"
"1031","26321","DATA_CLASS"
"1032","26332","DATA_CLASS"
"1033","26335","DATA_CLASS"
"1034","26395","BRAIN_CLASS"
"1035","26426","BRAIN_CLASS"
"1036","26426","GOD_CLASS"
"1037","26438","DATA_CLASS"
"1038","26442","BRAIN_CLASS"
"1039","26447","GOD_CLASS"
"1040","26558","GOD_CLASS"
"1041","26573","GOD_CLASS"
"1042","26593","DATA_CLASS"
"1043","26602","DATA_CLASS"
"1044","26628","BRAIN_CLASS"
"1045","26754","BRAIN_CLASS"
"1046","26808","BRAIN_CLASS"
"1047","26847","GOD_CLASS"
"1048","26855","GOD_CLASS"
"1049","26855","BRAIN_CLASS"
"1050","26875","GOD_CLASS"
"1051","26876","GOD_CLASS"
"1052","26885","DATA_CLASS"
"1053","26889","GOD_CLASS"
"1054","26897","GOD_CLASS"
"1055","26924","DATA_CLASS"
"1056","26933","GOD_CLASS"
"1057","26949","GOD_CLASS"
"1058","26950","GOD_CLASS"
"1059","27033","GOD_CLASS"
"1060","27060","GOD_CLASS"
"1061","27110","DATA_CLASS"
"1062","27117","GOD_CLASS"
"1063","27144","DATA_CLASS"
"1064","27147","BRAIN_CLASS"
"1065","27149","BRAIN_CLASS"
"1066","27163","DATA_CLASS"
"1067","27170","DATA_CLASS"
"1068","27173","GOD_CLASS"
"1069","27178","BRAIN_CLASS"
"1070","27182","BRAIN_CLASS"
"1071","27184","GOD_CLASS"
"1072","27188","GOD_CLASS"
"1073","27188","BRAIN_CLASS"
"1074","27225","GOD_CLASS"
"1075","27248","GOD_CLASS"
"1076","27265","DATA_CLASS"
"1077","27266","GOD_CLASS"
"1078","27315","DATA_CLASS"
"1079","27389","BRAIN_CLASS"
"1080","27400","GOD_CLASS"
"1081","27423","GOD_CLASS"
"1082","27468","GOD_CLASS"
"1083","27479","GOD_CLASS"
"1084","27493","DATA_CLASS"
"1085","27494","GOD_CLASS"
"1086","27501","GOD_CLASS"
"1087","27533","GOD_CLASS"
"1088","27535","DATA_CLASS"
"1089","27536","DATA_CLASS"
"1090","27544","GOD_CLASS"
"1091","27569","GOD_CLASS"
"1092","27584","GOD_CLASS"
"1093","27628","GOD_CLASS"
"1094","27628","BRAIN_CLASS"
"1095","27632","GOD_CLASS"
"1096","27632","BRAIN_CLASS"
"1097","27641","GOD_CLASS"
"1098","27641","BRAIN_CLASS"
"1099","27687","GOD_CLASS"
"1100","27704","GOD_CLASS"
"1101","27706","GOD_CLASS"
"1102","27873","DATA_CLASS"
"1103","27943","GOD_CLASS"
"1104","27981","DATA_CLASS"
"1105","28000","DATA_CLASS"
"1106","28013","DATA_CLASS"
"1107","28040","GOD_CLASS"
"1108","28088","DATA_CLASS"
"1109","28119","DATA_CLASS"
"1110","28121","DATA_CLASS"
"1111","28145","GOD_CLASS"
"1112","28156","DATA_CLASS"
"1113","28162","DATA_CLASS"
"1114","28179","GOD_CLASS"
"1115","28193","GOD_CLASS"
"1116","28200","GOD_CLASS"
"1117","28200","BRAIN_CLASS"
"1118","28220","DATA_CLASS"
"1119","28230","DATA_CLASS"
"1120","28250","DATA_CLASS"
"1121","28266","GOD_CLASS"
"1122","28273","GOD_CLASS"
"1123","28449","GOD_CLASS"
"1124","28545","GOD_CLASS"
"1125","28545","BRAIN_CLASS"
"1126","28621","GOD_CLASS"
"1127","28705","DATA_CLASS"
"1128","28712","GOD_CLASS"
"1129","28732","DATA_CLASS"
"1130","28780","GOD_CLASS"
"1131","28795","DATA_CLASS"
"1132","28796","DATA_CLASS"
"1133","28797","DATA_CLASS"
"1134","28840","DATA_CLASS"
"1135","28851","DATA_CLASS"
"1136","28945","GOD_CLASS"
"1137","28967","BRAIN_CLASS"
"1138","29023","DATA_CLASS"
"1139","29033","GOD_CLASS"
"1140","29074","BRAIN_CLASS"
"1141","29097","DATA_CLASS"
"1142","29099","DATA_CLASS"
"1143","29102","DATA_CLASS"
"1144","29111","GOD_CLASS"
"1145","29127","DATA_CLASS"
"1146","29158","DATA_CLASS"
"1147","29286","GOD_CLASS"
"1148","29286","BRAIN_CLASS"
"1149","29295","DATA_CLASS"
"1150","29298","GOD_CLASS"
"1151","29312","DATA_CLASS"
"1152","29320","DATA_CLASS"
"1153","29321","GOD_CLASS"
"1154","29330","DATA_CLASS"
"1155","28767","GOD_CLASS"
"1156","29348","DATA_CLASS"
"1157","29358","GOD_CLASS"
"1158","29369","DATA_CLASS"
"1159","29374","GOD_CLASS"
"1160","29378","BRAIN_CLASS"
"1161","29397","GOD_CLASS"
"1162","29397","BRAIN_CLASS"
"1163","29420","BRAIN_CLASS"
"1164","29423","DATA_CLASS"
"1165","29449","BRAIN_CLASS"
"1166","29470","BRAIN_CLASS"
"1167","29486","GOD_CLASS"
"1168","29486","BRAIN_CLASS"
"1169","29502","GOD_CLASS"
"1170","29641","GOD_CLASS"
"1171","29641","BRAIN_CLASS"
"1172","29643","DATA_CLASS"
"1173","29648","DATA_CLASS"
"1174","29671","BRAIN_CLASS"
"1175","29680","DATA_CLASS"
"1176","29703","GOD_CLASS"
"1177","29759","BRAIN_CLASS"
"1178","29795","BRAIN_CLASS"
"1179","29817","BRAIN_CLASS"
"1180","29834","DATA_CLASS"
"1181","29894","GOD_CLASS"
"1182","29927","GOD_CLASS"
"1183","29962","BRAIN_CLASS"
"1184","30012","BRAIN_CLASS"
"1185","30013","GOD_CLASS"
"1186","30047","DATA_CLASS"
"1187","30080","GOD_CLASS"
"1188","30130","BRAIN_CLASS"
"1189","30143","DATA_CLASS"
"1190","30168","DATA_CLASS"
"1191","30210","GOD_CLASS"
"1192","30296","DATA_CLASS"
"1193","30310","GOD_CLASS"
"1194","30317","DATA_CLASS"
"1195","30323","GOD_CLASS"
"1196","30332","GOD_CLASS"
"1197","30349","DATA_CLASS"
"1198","30421","DATA_CLASS"
"1199","30485","GOD_CLASS"
"1200","30491","GOD_CLASS"
"1201","30576","GOD_CLASS"
"1202","30595","DATA_CLASS"
"1203","30771","GOD_CLASS"
"1204","30832","BRAIN_CLASS"
"1205","30876","DATA_CLASS"
"1206","30937","DATA_CLASS"
"1207","30942","DATA_CLASS"
"1208","30990","GOD_CLASS"
"1209","31008","BRAIN_CLASS"
"1210","31016","GOD_CLASS"
"1211","31021","BRAIN_CLASS"
"1212","31021","GOD_CLASS"
"1213","31030","DATA_CLASS"
"1214","31033","GOD_CLASS"
"1215","31054","DATA_CLASS"
"1216","31151","DATA_CLASS"
"1217","31156","GOD_CLASS"
"1218","31160","GOD_CLASS"
"1219","31165","GOD_CLASS"
"1220","31178","GOD_CLASS"
"1221","31306","BRAIN_CLASS"
"1222","31316","BRAIN_CLASS"
"1223","31316","GOD_CLASS"
"1224","31326","DATA_CLASS"
"1225","31328","GOD_CLASS"
"1226","31378","DATA_CLASS"
"1227","31402","DATA_CLASS"
"1228","31413","DATA_CLASS"
"1229","31420","DATA_CLASS"
"1230","31422","DATA_CLASS"
"1231","31458","GOD_CLASS"
"1232","31473","BRAIN_CLASS"
"1233","31583","GOD_CLASS"
"1234","31599","GOD_CLASS"
"1235","31607","DATA_CLASS"
"1236","31692","GOD_CLASS"
"1237","31758","DATA_CLASS"
"1238","31784","DATA_CLASS"
"1239","31808","BRAIN_CLASS"
"1240","31827","GOD_CLASS"
"1241","31830","DATA_CLASS"
"1242","31834","GOD_CLASS"
"1243","31849","GOD_CLASS"
"1244","31857","DATA_CLASS"
"1245","31878","BRAIN_CLASS"
"1246","31894","GOD_CLASS"
"1247","31898","GOD_CLASS"
"1248","31901","BRAIN_CLASS"
"1249","31901","GOD_CLASS"
"1250","31921","DATA_CLASS"
"1251","31940","DATA_CLASS"
"1252","31961","DATA_CLASS"
"1253","31962","DATA_CLASS"
"1254","31963","DATA_CLASS"
"1255","31967","DATA_CLASS"
"1256","31971","DATA_CLASS"
"1257","31974","DATA_CLASS"
"1258","31976","DATA_CLASS"
"1259","32008","BRAIN_CLASS"
"1260","32019","GOD_CLASS"
"1261","32021","BRAIN_CLASS"
"1262","32056","BRAIN_CLASS"
"1263","32085","DATA_CLASS"
"1264","32122","DATA_CLASS"
"1265","32194","DATA_CLASS"
"1266","32210","GOD_CLASS"
"1267","32210","BRAIN_CLASS"
"1268","32243","DATA_CLASS"
"1269","32257","BRAIN_CLASS"
"1270","32259","GOD_CLASS"
"1271","32259","BRAIN_CLASS"
"1272","32277","DATA_CLASS"
"1273","32278","DATA_CLASS"
"1274","32284","GOD_CLASS"
"1275","32288","GOD_CLASS"
"1276","32289","GOD_CLASS"
"1277","32292","BRAIN_CLASS"
"1278","32297","GOD_CLASS"
"1279","32299","DATA_CLASS"
"1280","32302","BRAIN_CLASS"
"1281","32309","GOD_CLASS"
"1282","32321","DATA_CLASS"
"1283","32343","DATA_CLASS"
"1284","32347","DATA_CLASS"
"1285","32353","DATA_CLASS"
"1286","32356","DATA_CLASS"
"1287","32361","DATA_CLASS"
"1288","32365","GOD_CLASS"
"1289","32387","DATA_CLASS"
"1290","32402","DATA_CLASS"
"1291","32422","DATA_CLASS"
"1292","32436","DATA_CLASS"
"1293","32458","GOD_CLASS"
"1294","32472","GOD_CLASS"
"1295","32510","GOD_CLASS"
"1296","32540","GOD_CLASS"
"1297","32549","DATA_CLASS"
"1298","32561","DATA_CLASS"
"1299","32566","GOD_CLASS"
"1300","32567","GOD_CLASS"
"1301","32583","BRAIN_CLASS"
"1302","32608","GOD_CLASS"
"1303","32638","BRAIN_CLASS"
"1304","32640","BRAIN_CLASS"
"1305","32650","DATA_CLASS"
"1306","32668","DATA_CLASS"
"1307","32673","DATA_CLASS"
"1308","32737","GOD_CLASS"
"1309","32745","GOD_CLASS"
"1310","32779","GOD_CLASS"
"1311","32868","DATA_CLASS"
"1312","32869","GOD_CLASS"
"1313","32886","DATA_CLASS"
"1314","32893","BRAIN_CLASS"
"1315","32916","GOD_CLASS"
"1316","32919","DATA_CLASS"
"1317","32921","DATA_CLASS"
"1318","32924","DATA_CLASS"
"1319","32942","DATA_CLASS"
"1320","33018","BRAIN_CLASS"
"1321","33066","BRAIN_CLASS"
"1322","33068","DATA_CLASS"
"1323","33069","DATA_CLASS"
"1324","33074","DATA_CLASS"
"1325","33084","DATA_CLASS"
"1326","33102","GOD_CLASS"
"1327","33108","DATA_CLASS"
"1328","33113","DATA_CLASS"
"1329","33120","DATA_CLASS"
"1330","33127","GOD_CLASS"
"1331","33269","GOD_CLASS"
"1332","33323","DATA_CLASS"
"1333","33706","GOD_CLASS"
"1334","33712","GOD_CLASS"
"1335","33718","GOD_CLASS"
"1336","33718","BRAIN_CLASS"
"1337","33774","DATA_CLASS"
"1338","33884","GOD_CLASS"
"1339","33901","GOD_CLASS"
"1340","33901","BRAIN_CLASS"
"1341","33951","DATA_CLASS"
"1342","34042","GOD_CLASS"
"1343","34178","GOD_CLASS"
"1344","34193","GOD_CLASS"
"1345","34223","DATA_CLASS"
"1346","34366","GOD_CLASS"
"1347","34366","BRAIN_CLASS"
"1348","34427","GOD_CLASS"
"1349","34427","BRAIN_CLASS"
"1350","34439","DATA_CLASS"
"1351","34448","GOD_CLASS"
"1352","34585","GOD_CLASS"
"1353","34653","GOD_CLASS"
"1354","34677","GOD_CLASS"
"1355","34725","DATA_CLASS"
"1356","34729","GOD_CLASS"
"1357","34842","GOD_CLASS"
"1358","34898","GOD_CLASS"
"1359","34919","BRAIN_CLASS"
"1360","34919","GOD_CLASS"
"1361","34926","DATA_CLASS"
"1362","34943","GOD_CLASS"
"1363","35007","BRAIN_CLASS"
"1364","35007","GOD_CLASS"
"1365","35049","GOD_CLASS"
"1366","35095","GOD_CLASS"
"1367","35122","DATA_CLASS"
"1368","35133","GOD_CLASS"
"1369","35138","GOD_CLASS"
"1370","35161","BRAIN_CLASS"
"1371","35180","BRAIN_CLASS"
"1372","35200","DATA_CLASS"
"1373","35217","GOD_CLASS"
"1374","35230","GOD_CLASS"
"1375","35239","GOD_CLASS"
"1376","35398","DATA_CLASS"
"1377","35406","GOD_CLASS"
"1378","35448","BRAIN_CLASS"
"1379","35506","GOD_CLASS"
"1380","35535","GOD_CLASS"
"1381","35581","GOD_CLASS"
"1382","35631","GOD_CLASS"
"1383","35636","GOD_CLASS"
"1384","35658","DATA_CLASS"
"1385","35694","BRAIN_CLASS"
"1386","35751","GOD_CLASS"
"1387","35824","GOD_CLASS"
"1388","35824","BRAIN_CLASS"
"1389","35853","GOD_CLASS"
"1390","35995","BRAIN_CLASS"
"1391","36066","GOD_CLASS"
"1392","36069","GOD_CLASS"
"1393","36082","BRAIN_CLASS"
"1394","36087","GOD_CLASS"
"1395","36107","DATA_CLASS"
"1396","36154","GOD_CLASS"
"1397","36158","GOD_CLASS"
"1398","36176","DATA_CLASS"
"1399","36188","BRAIN_CLASS"
"1400","36245","DATA_CLASS"
"1401","36265","DATA_CLASS"
"1402","36359","DATA_CLASS"
"1403","36361","GOD_CLASS"
"1404","36398","GOD_CLASS"
"1405","36414","DATA_CLASS"
"1406","36427","GOD_CLASS"
"1407","36448","BRAIN_CLASS"
"1408","36463","BRAIN_CLASS"
"1409","36492","GOD_CLASS"
"1410","36502","BRAIN_CLASS"
"1411","36504","DATA_CLASS"
"1412","36512","GOD_CLASS"
"1413","36520","DATA_CLASS"
"1414","36521","DATA_CLASS"
"1415","36522","DATA_CLASS"
"1416","36542","DATA_CLASS"
"1417","36578","GOD_CLASS"
"1418","36599","BRAIN_CLASS"
"1419","36606","GOD_CLASS"
"1420","36617","GOD_CLASS"
"1421","36654","BRAIN_CLASS"
"1422","36703","BRAIN_CLASS"
"1423","36703","GOD_CLASS"
"1424","36733","BRAIN_CLASS"
"1425","36836","GOD_CLASS"
"1426","36853","GOD_CLASS"
"1427","36871","BRAIN_CLASS"
"1428","36898","GOD_CLASS"
"1429","36903","DATA_CLASS"
"1430","36907","GOD_CLASS"
"1431","36915","BRAIN_CLASS"
"1432","36929","GOD_CLASS"
"1433","36932","DATA_CLASS"
"1434","36934","BRAIN_CLASS"
"1435","36952","DATA_CLASS"
"1436","36970","GOD_CLASS"
"1437","37020","GOD_CLASS"
"1438","37065","GOD_CLASS"
"1439","37075","BRAIN_CLASS"
"1440","37091","DATA_CLASS"
"1441","37111","BRAIN_CLASS"
"1442","37128","BRAIN_CLASS"
"1443","37149","BRAIN_CLASS"
"1444","37159","DATA_CLASS"
"1445","37164","DATA_CLASS"
"1446","37171","BRAIN_CLASS"
"1447","37213","DATA_CLASS"
"1448","37236","GOD_CLASS"
"1449","37310","DATA_CLASS"
"1450","37367","BRAIN_CLASS"
"1451","37378","GOD_CLASS"
"1452","37392","DATA_CLASS"
"1453","37399","GOD_CLASS"
"1454","37452","DATA_CLASS"
"1455","37454","BRAIN_CLASS"
"1456","37479","BRAIN_CLASS"
"1457","37490","BRAIN_CLASS"
"1458","37505","DATA_CLASS"
"1459","37535","BRAIN_CLASS"
"1460","37536","DATA_CLASS"
"1461","37549","BRAIN_CLASS"
"1462","37576","DATA_CLASS"
"1463","37614","GOD_CLASS"
"1464","37623","GOD_CLASS"
"1470","37669","GOD_CLASS"
"1471","37669","BRAIN_CLASS"
"1472","37723","GOD_CLASS"
"1473","37772","GOD_CLASS"
"1474","37779","GOD_CLASS"
"1475","37794","DATA_CLASS"
"1476","37797","GOD_CLASS"
"1477","37798","GOD_CLASS"
"1478","37809","BRAIN_CLASS"
"1479","37818","GOD_CLASS"
"1480","37828","DATA_CLASS"
"1481","37856","DATA_CLASS"
"1482","37859","DATA_CLASS"
"1483","37888","DATA_CLASS"
"1484","37935","GOD_CLASS"
"1485","37955","DATA_CLASS"
"1486","37959","DATA_CLASS"
"1487","37961","DATA_CLASS"
"1488","37962","DATA_CLASS"
"1489","37964","DATA_CLASS"
"1490","37989","GOD_CLASS"
"1491","38011","DATA_CLASS"
"1492","38013","DATA_CLASS"
"1493","38015","DATA_CLASS"
"1494","38017","DATA_CLASS"
"1495","38026","DATA_CLASS"
"1496","38027","DATA_CLASS"
"1497","38031","DATA_CLASS"
"1498","38035","DATA_CLASS"
"1499","38036","DATA_CLASS"
"1500","38067","DATA_CLASS"
"1502","38142","GOD_CLASS"
"1503","38164","DATA_CLASS"
"1504","38173","DATA_CLASS"
"1505","38174","DATA_CLASS"
"1506","38176","DATA_CLASS"
"1507","38177","DATA_CLASS"
"1508","38179","DATA_CLASS"
"1509","38180","DATA_CLASS"
"1510","38181","DATA_CLASS"
"1511","38182","DATA_CLASS"
"1512","38183","DATA_CLASS"
"1513","38184","DATA_CLASS"
"1514","38186","DATA_CLASS"
"1515","38187","DATA_CLASS"
"1516","38192","DATA_CLASS"
"1517","38193","DATA_CLASS"
"1518","38194","DATA_CLASS"
"1519","38195","DATA_CLASS"
"1520","38196","DATA_CLASS"
"1521","38197","DATA_CLASS"
"1522","38199","DATA_CLASS"
"1523","38200","DATA_CLASS"
"1524","38201","DATA_CLASS"
"1525","38202","DATA_CLASS"
"1526","38203","DATA_CLASS"
"1527","38204","DATA_CLASS"
"1529","38278","DATA_CLASS"
"1530","38279","DATA_CLASS"
"1531","38281","DATA_CLASS"
"1532","38283","DATA_CLASS"
"1533","38300","DATA_CLASS"
"1534","38336","DATA_CLASS"
"1535","38346","DATA_CLASS"
"1536","38347","DATA_CLASS"
"1537","38354","DATA_CLASS"
"1538","38381","DATA_CLASS"
"1539","38398","DATA_CLASS"
"1540","38404","DATA_CLASS"
"1541","38410","DATA_CLASS"
"1542","38418","GOD_CLASS"
"1543","38432","DATA_CLASS"
"1544","38442","DATA_CLASS"
"1545","38454","DATA_CLASS"
"1546","38458","DATA_CLASS"
"1547","38523","DATA_CLASS"
"1548","38542","GOD_CLASS"
"1549","38585","DATA_CLASS"
"1550","38599","GOD_CLASS"
"1551","38601","DATA_CLASS"
"1552","38606","GOD_CLASS"
"1553","38607","DATA_CLASS"
"1554","38625","DATA_CLASS"
"1555","38651","DATA_CLASS"
"1556","38658","BRAIN_CLASS"
"1557","38673","BRAIN_CLASS"
"1558","38704","DATA_CLASS"
"1559","38715","DATA_CLASS"
"1560","38716","DATA_CLASS"
"1561","38720","GOD_CLASS"
"1562","38740","BRAIN_CLASS"
"1563","38770","DATA_CLASS"
"1564","38784","GOD_CLASS"
"1565","38786","GOD_CLASS"
"1566","38786","BRAIN_CLASS"
"1567","38799","DATA_CLASS"
"1568","38805","BRAIN_CLASS"
"1569","38808","DATA_CLASS"
"1570","38809","DATA_CLASS"
"1571","38810","DATA_CLASS"
"1572","38817","DATA_CLASS"
"1573","38826","DATA_CLASS"
"1574","38827","DATA_CLASS"
"1575","38850","GOD_CLASS"
"1576","38854","GOD_CLASS"
"1577","38855","GOD_CLASS"
"1578","38859","BRAIN_CLASS"
"1579","38884","DATA_CLASS"
"1580","38885","GOD_CLASS"
"1581","38885","BRAIN_CLASS"
"1582","38892","DATA_CLASS"
"1583","38902","DATA_CLASS"
"1588","39194","DATA_CLASS"
"1589","39255","DATA_CLASS"
